Workbook

Sheet Matriz Ckeck LIst
C3: MATRIZ PARA COMPROBACIÓN REQUERIMIENTOS DE CALIDAD DE PROYECTO ACADEMICO
D5: SISTEMA: | E5: SISTEMA DE GESTION DE CRIANZA DE CONEJOS (Hoptolt)
F6: Requerimientos Funcionales
B7: Nº | C7: CRITERIOS DE CALIDAD (Documento/Requerimientos) | E7: Status Nivel de Acuerdo | F7: CU001.3 Gestionar Datos de conejos | G7: Status Nivel de Acuerdo
B9: 1 | C9: Agreed | E9: OK | F9: 1. Videoconferencia de la entrevista 2. Minuta de la entrevista 3. Aceptación por videoconferencia
B10: 2 | C10: Ranked | E10: OK | F10: 1. En la descripción del caso de Uso se especifica la prioridad Alta
B11: 3 | C11: Unambiguos | E11: OK | F11: 1. Redacción en lenguaje claro. 2. El tutor y el equipo interpretan de igual manera el caso de uso
B12: 4 | C12: Valid and up-to date | E12: OK | F12: 1. Toda nueva información ha sido incorporada, se han incorporado los últimos cambios pedidos luego del feedback realizado por el cliente
B13: 5 | C13: Correct | E13: OK | F13: 1. Está alineado con los objetivos del sistema. 2. Refleja lo que realmente necesita el cliente.
B14: 6 | C14: Consisten | E14: OK | F14: 1. Documentación basada en modelos: Diagrama de Casos de Uso 2. Usa términos definidos previamente.
B15: 7 | C15: Verifiable | E15: NOK | F15: 1. Requisito Medible 2. Falta Casos de Prueba
B16: 8 | C16: Realizable | E16: NOK | F16: 1. Funcionalidad tomada en cuenta dentro de la estimación del costo del proyecto (900$) 2. No se ha desarrollado
B17: 9 | C17: Traceable | E17: OK | F17: 1. Es claro el origen del requisito y sus relaciones con otros requisitos (matriz de trazabilidad cliente/casos de uso y casos de uso/casos de uso) 2. Cuenta con un identificador único
B18: 10 | C18: Complete | E18: OK | F18: 1. Contiene toda la información necesaria (entradas, salidas, precondiciones, postcondiciones) para entender y diseñar la función. 2. Describe completamente la funcionalidad esperada.
B19: 11 | C19: Understandability | E19: OK | F19: 1. Se involucra al cliente 2. Existe glosario de términos

Sheet CheckList
C3: MATRIZ PARA COMPROBACIÓN REQUERIMIENTOS DE CALIDAD DE PROYECTO ACADEMICO
D5: SISTEMA: | E5: SISTEME DE CONTROL DE ASISTENCIA Y PAGOS
F6: Requerimientos Funcionales
B7: Nº | C7: CRITERIOS DE CALIDAD (Documento/Requerimientos) | E7: Status Nivel de Acuerdo | F7: CU01 Administrar sistema | G7: Status Nivel de Acuerdo | I7: RF-02 Registrar matrícula | J7: Status Nivel de Acuerdo | K7: CU-08 Generar reportes
B8: 1 | C8: Agreed | E8: OK | F8: 1. Videoconferencia de la entrevista 2. Minuta de la entrevista 3. Aceptación por videoconferencia | G8: OK | I8: 1. Videoconferencia de la entrevista 2. Minuta de la entrevista 3. Aceptación por videoconferencia | J8: OK | K8: 1. Videoconferencia de la entrevista 2. Minuta de la entrevista 3. Aceptación por videoconferencia
B9: 2 | C9: Ranked | E9: OK | F9: 1. Existe en la descripcion del caso de uso prioridad Alta | G9: OK | I9: 1. Exsitencia del apartado prioridad de requisito en donde se especifica la prioridad Alta | J9: OK | K9: 1. En la descripción del caso de Uso se especifica la prioridad Alta/Escencial
B10: 3 | C10: Unambiguos | E10: OK | F10: 1. Redacción de manera clara y consisa, mencionando el flujo de entrada de cada actor | G10: No OK | I10: 1. Existencia de ambiguedades como"formato establecido" en donde no se referencia a ningun anexo o información que evidencie la existencia del formato | J10: OK | K10: 1. Redacción estructurada detallando secuencias normales y excepciones paso a paso. 2. Roles claramente separados (Directora, Sistema).
B11: 4 | C11: Valid and up-to date | E11: OK | F11: 1. Muestra un control de version, por ende toda nueva información ha sido incorporada | G11: No OK | I11: 1. Los cambios no han sido aplicados luego del feedback realizado por el revisor | J11: OK | K11: 1. Muestra un control de version, por ende toda nueva información ha sido incorporada
B12: 5 | C12: Correct | E12: OK | F12: 1. Refleja las expectativas de los implicados al permitir que Directora, Padres y Docentes gestionen sus cuentas según su rol. | G12: OK | I12: 1. Está alineado con los objetivos del sistema. 2. Refleja lo que realmente necesita el cliente. | J12: OK | K12: 1. Está alineado con el propósito de apoyar el control interno del centro infantil. 2. Refleja la necesidad de cumplir con información oficial.
B13: 6 | C13: Consisten | E13: OK | F13: 1. Es consistente con las restricciones de seguridad (ISO/IEC 27001) y la arquitectura cliente-servidor definidas en el SRS. | G13: OK | I13: 1. Documentación basada en modelos: Diagrama de Casos de Uso 2. Usa términos definidos previamente. | J13: OK | K13: 1. Mantiene coherencia y hace referencia a otros casos de uso del sistema 2. Mantiene uniformidad en las opciones de exportación en todos los RF.
B14: 7 | C14: Verifiable | E14: NOK | F14: 1. No se puede probar con un "esfuerzo razonable" único. Se requiere verificar individualmente cada subproceso de Nivel 1 (RF-1.1 al RF-1.4) para dar por cumplido el RF-01 . | G14: No OK | I14: 1. No cuenta con una forma establecida para que sea medible | J14: NOK | K14: 1. Los criterios están descritos, pero falta la definición formal de Casos de Prueba.
B15: 8 | C15: Realizable | E15: OK | F15: 1. Requisito viable por factibilidad técnica (stack Node.js/SQL) y económica (presupuesto de $7,729.70). El equipo cuenta con roles definidos, equipos propios y un plazo de 4 meses, lo cual asegura su implementación dentro de las capacidades actuales. | G15: OK | I15: 1. El requisito es viable e implementable, se encuentra contemplada de una manera realista y dentro del presupuesto establecido ($7,729.70) | J15: NOK | K15: 1. Hacer que el sistema lea un documento de Word para crear formularios automáticamente (RF-8.3) es muy difícil de ejecutar. Probablemente tomará más tiempo y dinero del que se había calculado.
B16: 9 | C16: Traceable | E16: OK | F16: 1. Posee un identificador único (RF-01) y está claramente vinculado al Diagrama de Casos de Uso de Nivel 0 | G16: OK | I16: 1. El origen del requisito no es claro con las precondiciones necesarias para que este se ejecute | J16: OK | K16: 1. Relaciona claramente las precondiciones con los datos almacenados previamente en el sistema.
B17: 10 | C17: Complete | E17: OK | F17: 1. Como requerimiento general de Nivel 0, cubre todos los aspectos de administración de acceso y usuarios necesarios para el sistema | G17: OK | I17: 1.Contiene una descripción completa de la funcionalidad del requisito como de los prerequisitos necesarios, involucrando a los actores y definiendo su funcionalidad | J17: OK | K17: 1. Contiene actores, propósitos, descripciones, precondiciones, secuencias normales, postcondiciones y excepciones detalladas.
B18: 11 | C18: Understandability | E18: OK | F18: 1. Se involucra al cliente 2. Existe glosario de términos | J18: OK | K18: 1. Utiliza lenguaje claro del dominio (código AMIE, ejes, ámbitos, destrezas).

Sheet MODELO LISTA DE COMPROBACION - 
A1: SISTEMA: | B1: SISTEME DE CONTROL DE ASISTENCIA Y PAGOS (EduKids) | G1: SISTEMA: | H1: SISTEME DE CONTROL DE ASISTENCIA Y PAGOS (EduKids) | M1: SISTEMA: | N1: SISTEME DE CONTROL DE ASISTENCIA Y PAGOS (EduKids)
A2: FECHA: | B2: 46126 | G2: FECHA: | H2: 46126 | M2: FECHA: | N2: 46126
A3: AUTOR: | B3: Andrade Danna, LLumiquina Ariel, David Pilaguano | G3: AUTOR: | H3: Andrade Danna, LLumiquina Ariel, David Pilaguano | M3: AUTOR: | N3: Andrade Danna, LLumiquina Ariel, David Pilaguano
A4: REQUERIMIENTOS EVALUADOS : | C4: CU01 Administrar sistema | G4: REQUERIMIENTOS EVALUADOS : | I4: RF-02 Registrar matrícula | M4: REQUERIMIENTOS EVALUADOS : | O4: CU-08 Generar reportes
A6: CONTENIDO | G6: CONTENIDO | M6: CONTENIDO
A7: No. | B7: Pregunta | C7: SI | D7: NO | G7: No. | H7: Pregunta | I7: SI | J7: NO | M7: No. | N7: Pregunta | O7: SI | P7: NO
A8: 1 | B8: Todos los requerimientos relevantes se han documentado? | C8: X | G8: 1 | H8: Todos los requerimientos relevantes se han documentado? | I8: X | M8: 1 | N8: Todos los requerimientos relevantes se han documentado? | O8: X
A9: 2 | B9: Se han implementado las funciones requeridas? | D9: x | G9: 2 | H9: Se han implementado las funciones requeridas? | I9: X | M9: 2 | N9: Se han implementado las funciones requeridas? | P9: X
A10: 3 | B10: Existe algún mecanismo que permita seguir el impacto de dicho requerimiento a lo largo del resto de las actividades del ciclo productivo.? | C10: X | G10: 3 | H10: Existe algún mecanismo que permita seguir el impacto de dicho requerimiento a lo largo del resto de las actividades del ciclo productivo.? | J10: X | M10: 3 | N10: Existe algún mecanismo que permita seguir el impacto de dicho requerimiento a lo largo del resto de las actividades del ciclo productivo.? | O10: X
A11: 4 | B11: El origen de cada requerimento individual está claro ? | C11: X | G11: 4 | H11: El origen de cada requerimento individual está claro ? | I11: X | M11: 4 | N11: El origen de cada requerimento individual está claro ? | O11: X
A12: 5 | B12: Que tan facil es devolverse a los requerimientos? | C12: X | G12: 5 | H12: Que tan facil es devolverse a los requerimientos? | I12: X | M12: 5 | N12: Que tan facil es devolverse a los requerimientos? | O12: X
A13: 6 | B13: Los requerimientos reflejan las necesidades y deseos del cliente? | C13: X | G13: 6 | H13: Los requerimientos reflejan las necesidades y deseos del cliente? | I13: X | M13: 6 | N13: Los requerimientos reflejan las necesidades y deseos del cliente? | O13: X
A14: 7 | B14: No hay contradicciones entre los requerimientos? | C14: X | G14: 7 | H14: No hay contradicciones entre los requerimientos? | I14: X | M14: 7 | N14: No hay contradicciones entre los requerimientos? | O14: X
A15: 8 | B15: El requerimiento que se esta especificando contribuye a alcanzar un objetivo definido ? | C15: X | G15: 8 | H15: El requerimiento que se esta especificando contribuye a alcanzar un objetivo definido ? | I15: X | M15: 8 | N15: El requerimiento que se esta especificando contribuye a alcanzar un objetivo definido ? | O15: X
A16: 9 | B16: Existe un proceso acotado (en plazo y presupuesto) que permita determinar que el sistema construido satisface lo descrito en el propio requerimiento? | C16: x | G16: 9 | H16: Existe un proceso acotado (en plazo y presupuesto) que permita determinar que el sistema construido satisface lo descrito en el propio requerimiento? | J16: X | M16: 9 | N16: Existe un proceso acotado (en plazo y presupuesto) que permita determinar que el sistema construido satisface lo descrito en el propio requerimiento? | P16: X
A17: SUMATORIA: | C17: =COUNTA('MODELO LISTA DE COMPROBACION - '!$C$8:$C$16) -> 8 | D17: =COUNTA('MODELO LISTA DE COMPROBACION - '!$D$8:$D$16) -> 1 | G17: SUMATORIA: | I17: 7 | J17: 2 | M17: SUMATORIA: | O17: 7 | P17: 2
A18: PORCENTAJE : | C18: =C17/9 -> 0.88888889 | D18: =D17/9 -> 0.11111111 | G18: PORCENTAJE : | I18: =I17/9 -> 0.77777778 | J18: =J17/9 -> 0.22222222 | M18: PORCENTAJE : | O18: =O17/9 -> 0.77777778 | P18: =P17/9 -> 0.22222222
A20: DOCUMENTACIÓN | G20: DOCUMENTACIÓN | M20: DOCUMENTACIÓN
A21: No. | B21: Pregunta | C21: SI | D21: NO | G21: No. | H21: Pregunta | I21: SI | J21: NO | M21: No. | N21: Pregunta | O21: SI | P21: NO
A22: 1 | B22: Aplica un estandar para la documetación de requerimiento? | C22: X | G22: 1 | H22: Aplica un estandar para la documetación de requerimiento? | I22: X | M22: 1 | N22: Aplica un estandar para la documetación de requerimiento? | O22: X
A23: 2 | B23: Cumple con la estructura definida por el estandar? | C23: X | G23: 2 | H23: Cumple con la estructura definida por el estandar? | I23: X | M23: 2 | N23: Cumple con la estructura definida por el estandar? | O23: X
A24: 3 | B24: Utiliza un Glosario de términos normalizado? | C24: X | G24: 3 | H24: Utiliza un Glosario de términos normalizado? | I24: X | M24: 3 | N24: Utiliza un Glosario de términos normalizado? | O24: X
A25: 4 | B25: Los requerimientos Funcionales estan sujetos a una única interpretación? | C25: X | G25: 4 | H25: Los requerimientos Funcionales estan sujetos a una única interpretación? | I25: X | M25: 4 | N25: Los requerimientos Funcionales estan sujetos a una única interpretación? | O25: X
A26: 5 | B26: El modelo aplicado cumple con la sintaxis? | C26: X | G26: 5 | H26: El modelo aplicado cumple con la sintaxis? | I26: X | M26: 5 | N26: El modelo aplicado cumple con la sintaxis? | O26: X
A27: SUMATORIA: | C27: =COUNTA('MODELO LISTA DE COMPROBACION - '!$C$22:$C$26) -> 5 | D27: =COUNTA('MODELO LISTA DE COMPROBACION - '!$D$22:$D$26) -> 0 | G27: SUMATORIA: | I27: =COUNTA('MODELO LISTA DE COMPROBACION - '!$C$22:$C$26) -> 5 | J27: =COUNTA('MODELO LISTA DE COMPROBACION - '!$D$22:$D$26) -> 0 | M27: SUMATORIA: | O27: =COUNTA('MODELO LISTA DE COMPROBACION - '!$C$22:$C$26) -> 5 | P27: =COUNTA('MODELO LISTA DE COMPROBACION - '!$D$22:$D$26) -> 0
A28: PORCENTAJE : | C28: =C27/5 -> 1 | D28: =D27/5 -> 0 | G28: PORCENTAJE : | I28: =I27/5 -> 1 | J28: =J27/5 -> 0 | M28: PORCENTAJE : | O28: =O27/5 -> 1 | P28: =P27/5 -> 0
A30: NIVEL DE ACUERDO | G30: NIVEL DE ACUERDO | M30: NIVEL DE ACUERDO
A31: No. | B31: Pregunta | C31: SI | D31: NO | G31: No. | H31: Pregunta | I31: SI | J31: NO | M31: No. | N31: Pregunta | O31: SI | P31: NO
A32: 1 | B32: Todos los requerimientos han sido acordados con todos los interesados? | C32: X | G32: 1 | H32: Todos los requerimientos han sido acordados con todos los interesados? | I32: X | M32: 1 | N32: Todos los requerimientos han sido acordados con todos los interesados? | O32: X
A33: 2 | B33: Todos los requerimientos modificados han sido acordados por todos los implicados? | C33: X | G33: 2 | H33: Todos los requerimientos modificados han sido acordados por todos los implicados? | I33: X | M33: 2 | N33: Todos los requerimientos modificados han sido acordados por todos los implicados? | O33: X
A34: 3 | B34: Han sido resueltos todos los conflictos conocidos respectos de los requerimientos? | C34: x | G34: 3 | H34: Han sido resueltos todos los conflictos conocidos respectos de los requerimientos? | J34: X | M34: 3 | N34: Han sido resueltos todos los conflictos conocidos respectos de los requerimientos? | O34: X
A35: SUMATORIA: | C35: =COUNTA('MODELO LISTA DE COMPROBACION - '!$C$32:$C$34) -> 3 | D35: =COUNTA('MODELO LISTA DE COMPROBACION - '!$D$32:$D$34) -> 0 | G35: SUMATORIA: | I35: 2 | J35: 1 | M35: SUMATORIA: | O35: =COUNTA('MODELO LISTA DE COMPROBACION - '!$C$32:$C$34) -> 3 | P35: =COUNTA('MODELO LISTA DE COMPROBACION - '!$D$32:$D$34) -> 0
A36: PORCENTAJE : | C36: =C35/3 -> 1 | D36: =D35/3 -> 0 | G36: PORCENTAJE : | I36: =I35/3 -> 0.66666667 | J36: =J35/3 -> 0.33333333 | M36: PORCENTAJE : | O36: =O35/3 -> 1 | P36: =P35/3 -> 0
A40: RESUMEN | G40: RESUMEN | N40: RESUMEN
B41: CONTENIDO | C41: 89 | H41: CONTENIDO | I41: 78 | N41: CONTENIDO | O41: 78
B42: DOCUMENTACIÓN | C42: 100 | H42: DOCUMENTACIÓN | I42: 100 | N42: DOCUMENTACIÓN | O42: 100
B43: NIVEL DE ACUERDO | C43: 100 | H43: NIVEL DE ACUERDO | I43: 67 | N43: NIVEL DE ACUERDO | O43: 100

Sheet RECOMENDACIONES
A1: CU01 Administrar sistema
A2: PREGUNTA | B2: RECOMENDACIÓN
A3: ¿Se han validado y aprobado formalmente todos los entregables de la entrevista (videoconferencia, minuta, acta de aceptación)? | B3: Obtener la firma formal de la Directora en las actas para evitar cambios de alcance
A4: ¿Se han definido criterios de aceptación y casos de prueba que permitan medir objetivamente el cumplimiento del requisito? | B4: Crear una lista de chequeo (Pasa/No Pasa) basada en las Excepciones, de los Casos de Uso para que la Directora valide el sistema de forma objetiva.
A9: RF-02 Registrar matrícula
A10: PREGUNTA | B10: RECOMENDACIÓN
A11: ¿Se han validado y aprobado formalmente todos los entregables de la entrevista (videoconferencia, minuta, acta de aceptación)? | B11: Obtener la aprovación formal de la Directora en las actas y cumplir los cambios sugeridos por asesor y cliente en el tiempo establecido, evitando el retraso del proyecto aumentando los costos del mismno
A12: ¿Se han definido criterios de aceptación y casos de prueba que permitan medir objetivamente el cumplimiento del requisito? | B12: Elaborar una lista de Criterios de Aceptación en donde se examine el nivel de exito al momento de realizar la matricula del estudiante, realizar una correcta redación y referenciar los documentos que señala el texto
A17: CU-08 Generar reportes
A18: PREGUNTA | B18: RECOMENDACIÓN
A19: ¿Se han validado y aprobado formalmente todos los entregables de la entrevista (videoconferencia, minuta, acta de aceptación)? | B19: Obtener la firma formal de la Directora en el documento final para definir el alcance y todo lo requerido del proyecto
A20: ¿Se han definido criterios de aceptación y casos de prueba que permitan medir objetivamente el cumplimiento del requisito? | B20: Redactar casos de prueba específicos para las "Excepciones" planteadas en los casos de uso (ej. validar el comportamiento del sistema cuando el niño no tiene registros de asistencia, o cuando el formato Word importado no cumple la estructura mínima requerida).
